{"stats":{"minecraft:killed":{"minecraft:skeleton":1},"minecraft:mined":{"minecraft:tall_grass":1,"minecraft:grass":1,"minecraft:grass_block":1},"minecraft:picked_up":{"minecraft:arrow":1,"minecraft:dirt":1},"minecraft:custom":{"minecraft:jump":47,"minecraft:leave_game":1,"minecraft:time_since_rest":621,"minecraft:deaths":2,"minecraft:damage_dealt":225,"minecraft:sprint_one_cm":905,"minecraft:play_time":3457,"minecraft:damage_taken":525,"minecraft:time_since_death":0,"minecraft:walk_one_cm":10729,"minecraft:total_world_time":3457,"minecraft:mob_kills":1,"minecraft:fall_one_cm":2809,"minecraft:fly_one_cm":5588},"minecraft:killed_by":{"minecraft:skeleton":2}},"DataVersion":3465}